solution_id,vehicle_fitness,pedestrian_fitness,combined_fitness
0,0.039194,0.421590,0.192152
1,0.039121,0.427583,0.194506
2,0.039210,0.409713,0.187411
3,0.039170,0.424913,0.193467
4,0.039235,0.404475,0.185331
5,0.039215,0.409000,0.187129
